"","ENTREZID","SYMBOL","TXNAME","TXID","TXCHROM","TXSTART","TXEND"
"2117","9501","RPH3AL",62282,"uc010vpy.2","chr17",62180,177370
"262","157983","C9orf66",35851,"uc003zge.4","chr9",213108,215893
"46","10410","IFITM3",43208,"uc001lpa.2","chr11",319673,320914
"1621","7700","ZNF141",17397,"uc003fzz.2","chr4",331596,352339
"960","4833","NME4",56912,"uc021szp.1","chr16",446725,449480
"2008","9028","RHBDL1",56961,"uc002cir.1","chr16",725706,728267
"1851","84634","KISS1R",65802,"uc002lqk.4","chr19",917342,921015
"670","30812","SOX8",56987,"uc002ckn.3","chr16",1031808,1036979
"561","27111","SDCBP2",71550,"uc002weu.4","chr20",1290555,1294317
"2100","94234","FOXQ1",23651,"uc003mtl.4","chr6",1312675,1314993
"2069","92840","REEP6",65855,"uc010xgp.2","chr19",1491165,1496180
"2138","9639","ARHGEF10",31783,"uc003wpq.1","chr8",1772149,1873570
"958","4832","NME3",58797,"uc002cmm.3","chr16",1820321,1821710
"183","124056","NOXO1",58825,"uc002cnx.4","chr16",2028918,2031550
"1543","7053","TGM3",70518,"uc002wfx.4","chr20",2276613,2321725
"260","153572","IRX2",22073,"uc003jda.3","chr5",2746279,2751769
"1990","8908","GYG2",75369,"uc004cqs.1","chrX",2746863,2800861
"309","1992","SERPINB1",25762,"uc003mub.4","chr6",2832566,2842283
"839","415","ARSE",76922,"uc004crc.4","chrX",2852673,2882494
"2052","9235","IL32",57169,"uc002ctk.3","chr16",3115313,3119668
"984","4994","OR3A1",62388,"uc002fvh.1","chr17",3194929,3195876
"1845","8455","ATRN",70564,"uc002wil.2","chr20",3451665,3596550
"246","146434","ZNF597",58927,"uc002cvd.3","chr16",3486110,3493490
"962","489","ATP2A3",62438,"uc010ckn.2","chr17",3827163,3833728
"1228","55620","STAP2",68351,"uc002mab.3","chr19",4324040,4338941
"1997","894","CCND2",45586,"uc001qmo.3","chr12",4382902,4414522
"189","124975","GGT6",62468,"uc010vsb.2","chr17",4460222,4463230
"188","124961","ZFP3",60219,"uc002gaq.3","chr17",4981754,4999669
"1930","8644","AKR1C3",37605,"uc001ihr.3","chr10",5005454,5149878
"1361","6019","RLN2",35893,"uc003ziz.2","chr9",5299866,5304611
"1744","79861","TUBAL3",39277,"uc001ihy.3","chr10",5435061,5446793
"2022","91133","L3MBTL4",65207,"uc002kmy.4","chr18",5954705,6311655
"1878","8514","KCNAB2",206,"uc009vlv.2","chr1",6052358,6161253
"114","112464","PRKCDBP",43469,"uc001mcu.1","chr11",6340176,6341740
"1188","55200","PLEKHG6",45614,"uc001qnr.3","chr12",6419602,6437672
"1380","6337","SCNN1A",47548,"uc001qnv.3","chr12",6456009,6473313
"2082","93622","LOC93622",17578,"uc003gji.2","chr4",6675821,6677774
"1379","6286","S100P",17580,"uc003gjl.3","chr4",6695566,6698897
"1632","7762","ZNF215",41157,"uc001mey.3","chr11",6947654,6979278
"1629","7761","ZNF214",43512,"uc001mfa.2","chr11",7020549,7041586
"221","1366","CLDN7",62609,"uc002gfm.4","chr17",7163222,7166264
"1024","51087","YBX2",62612,"uc002gfq.2","chr17",7191571,7197876
"1155","54206","ERRFI1",4349,"uc001aoz.3","chr1",8071779,8086393
"944","4628","MYH10",62703,"uc002gll.4","chr17",8377523,8534079
"1439","65975","STK33",43544,"uc001mgi.1","chr11",8413418,8497371
"661","29995","LMCD1",13117,"uc011atf.2","chr3",8543493,8592961
"990","5021","OXTR",15278,"uc003brc.3","chr3",8792095,8811300
"2011","9037","SEMA5A",22092,"uc003jek.2","chr5",9035138,9546233
"1692","79088","ZNF426",68539,"uc010dws.3","chr19",9638681,9649266
"1028","51267","CLEC1A",47698,"uc001qxb.3","chr12",10223080,10251605
"729","3383","ICAM1",66194,"uc002mnq.2","chr19",10381517,10397291
"615","286046","XKR6",33055,"uc003wtk.1","chr8",10753657,11058875
"2130","9545","RAB3D",68624,"uc002mqx.3","chr19",11432722,11450344
"1146","54","ACP5",68649,"uc002msg.4","chr19",11685475,11688553
"518","26232","FBXO2",4407,"uc001asj.3","chr1",11708418,11714888
"1559","7079","TIMP4",15361,"uc003bwo.3","chr3",12194568,12200851
"1584","7133","TNFRSF1B",354,"uc001att.3","chr1",12227060,12269277
"1163","54682","MANSC1",47778,"uc010shm.1","chr12",12482218,12491608
"337","2199","FBLN2",13277,"uc011auz.2","chr3",13573824,13679922
"1043","5140","PDE3B",41276,"uc001mlm.2","chr11",14665269,14798209
"656","2984","GUCY2C",47801,"uc001rcd.3","chr12",14765568,14849519
"254","151354","FAM84A",8074,"uc002rbz.2","chr2",14772810,14780168
"942","4613","MYCN",8081,"uc002rci.3","chr2",16080683,16087129
"850","4257","MGST1",45873,"uc001rdf.3","chr12",16500076,16517344
"51","10551","AGR2",30109,"uc003str.3","chr7",16832264,16844738
"1497","684","BST2",68870,"uc002ngl.3","chr19",17513755,17516384
"9","10083","USH1C",43684,"uc001mnd.3","chr11",17515442,17555057
"1608","7447","VSNL1",8084,"uc002rcm.3","chr2",17721807,17837706
"422","23362","PSD3",33152,"uc003wyx.4","chr8",18384813,18541586
"1645","783","CACNB2",37741,"uc001ipr.2","chr10",18429606,18830688
"1056","51477","ISYNA1",68909,"uc002nja.2","chr19",18545198,18548119
"211","131096","KCNH8",13336,"uc011awe.1","chr3",19190017,19492896
"30","1016","CDH18",22134,"uc021xwu.1","chr5",19473155,19886381
"733","3400","ID4",23826,"uc003ncw.4","chr6",19837601,19842431
"1162","54546","RNF186",4569,"uc001bcr.3","chr1",20140522,20141771
"1085","5320","PLA2G2A",4571,"uc001bcu.3","chr1",20301924,20306152
"762","3696","ITGB8",28071,"uc011jyh.2","chr7",20370325,20455382
"426","23369","PUM2",10755,"uc002rdq.1","chr2",20448453,20478580
"554","2706","GJB2",50013,"uc001umy.3","chr13",20761604,20767114
"1225","55567","DNAH3",59177,"uc010vbd.2","chr16",20944476,20996416
"957","4821","NKX2-2",71786,"uc002wsi.3","chr20",21491660,21494664
"298","1889","ECE1",4609,"uc001bej.2","chr1",21543740,21606183
"778","3764","KCNJ8",47855,"uc001rff.4","chr12",21917889,21927755
"1240","55806","HR",33179,"uc003xas.3","chr8",21971932,21988565
"1946","8794","TNFRSF10C",32031,"uc003xcy.3","chr8",22960327,22974950
"2014","9056","SLC7A7",52429,"uc001wgr.4","chr14",23242432,23284618
"1603","7325","UBE2E2",13346,"uc010hfc.2","chr3",23244653,23632296
"921","4323","MMP14",50986,"uc001whc.3","chr14",23305793,23316803
"2136","9609","RAB36",73696,"uc002zwv.1","chr22",23487513,23506531
"433","23428","SLC7A8",52478,"uc001wiw.3","chr14",23594504,23599352
"1256","56164","STK31",28123,"uc003sws.5","chr7",23749786,23872130
"1544","7068","THRB",15486,"uc003ccx.4","chr3",24158645,24536313
"1053","51473","DCDC2",25948,"uc003ndw.3","chr6",24171983,24205531
"352","2281","FKBP1B",8109,"uc002rer.3","chr2",24272584,24286550
"768","375189","PFN4",10790,"uc002rfa.1","chr2",24338244,24346151
"2109","9468","PCYT1B",77168,"uc004dbi.3","chrX",24576204,24665455
"286","1687","DFNA5",30155,"uc010kus.1","chr7",24737974,24797083
"304","196883","ADCY4",52567,"uc001wow.3","chr14",24787555,24804277
"82","11035","RIPK3",52572,"uc001wpa.3","chr14",24805227,24808271
"1895","8530","CST7",70778,"uc002wtx.2","chr20",24929866,24940564
"1306","586","BCAT1",47878,"uc001rgc.3","chr12",24962958,25055322
"1273","56952","PRTFDC1",39463,"uc001ise.1","chr10",25137554,25241533
"955","479","ATP12A",49409,"uc001upp.3","chr13",25254549,25285923
"54","10568","SLC34A2",17717,"uc003grr.3","chr4",25657435,25680368
"1811","8352","HIST1H3C",23880,"uc003nfv.3","chr6",26045639,26046097
"102","11228","RASSF8",45947,"uc001rgw.2","chr12",26111964,26208379
"1810","8345","HIST1H2BH",23906,"uc003nhh.3","chr6",26251879,26252303
"66","10687","PNMA2",33230,"uc003xez.2","chr8",26362196,26371483
"1637","7780","SLC30A2",4751,"uc001blg.1","chr1",26364514,26372604
"37","10256","CNKSR1",680,"uc010oex.1","chr1",26503981,26511677
"702","3205","HOXA9",30190,"uc003syt.3","chr7",27202057,27205149
"1835","8431","NR0B2",4771,"uc001bnf.3","chr1",27237975,27240567
"59","10669","CGREF1",10853,"uc010ylf.2","chr2",27322221,27333970
"1856","84696","ABHD1",8172,"uc002rit.3","chr2",27346657,27353680
"206","130557","ZNF513",10887,"uc002rkj.3","chr2",27600098,27603311
"315","200634","KRTCAP3",8202,"uc002rks.3","chr2",27665233,27667164
"1872","84958","SYTL1",736,"uc001bnv.2","chr1",27668483,27680423
"1837","84450","ZNF512",8210,"uc002rla.4","chr2",27805836,27846082
"1868","84940","CORO6",63073,"uc031qzr.1","chr17",27941774,27945650
"49","1045","CDX2",50095,"uc001urv.4","chr13",28536205,28543505
"294","1825","DSC3",65381,"uc002kwi.4","chr18",28570052,28622781
"291","1824","DSC2",65383,"uc002kwk.4","chr18",28645942,28682388
"383","2321","FLT1",50101,"uc031qkv.1","chr13",28874483,28882571
"548","27040","LAT",57643,"uc002dsb.3","chr16",28995526,29002104
"325","2124","EVI2B",63104,"uc002hgk.2","chr17",29630788,29641130
"849","4225","MEP1B",64821,"uc002kxj.4","chr18",29769987,29800366
"954","4744","NEFH",73852,"uc003afo.3","chr22",29876181,29887277
"2146","9805","SCRN1",30212,"uc011jzw.2","chr7",29959719,29994976
"1521","6941","TCF19",24226,"uc003nss.3","chr6",31126303,31131992
"1266","5652","PRSS8",59439,"uc002ebc.4","chr16",31142754,31147151
"6","1004","CDH6",20406,"uc003jhc.2","chr5",31193762,31251961
"637","29108","PYCARD",59446,"uc002ebm.3","chr16",31212807,31214097
"503","26022","TMEM98",60917,"uc002hhq.3","chr17",31254928,31268667
"71","10866","HCP5",24235,"uc003ntl.3","chr6",31430957,31433586
"860","4277","MICB",24238,"uc011dnm.2","chr6",31462658,31478901
"1569","7124","TNF",24255,"uc003nui.4","chr6",31543344,31546112
"1614","7498","XDH",10934,"uc002rnv.1","chr2",31557188,31637611
"444","23564","DDAH2",26297,"uc003nwp.3","chr6",31694817,31697569
"150","1192","CLIC1",26299,"uc003nwr.3","chr6",31698358,31704341
"1000","5080","PAX6",43800,"uc031pzk.1","chr11",31806340,31825594
"1766","80736","SLC44A4",26312,"uc011dol.2","chr6",31830970,31845448
"728","337882","KRTAP19-1",73114,"uc011acx.2","chr21",31852364,31852636
"1950","8859","STK19",24334,"uc003nyt.3","chr6",31938952,31949223
"115","11264","PXMP4",71914,"uc002wzv.3","chr20",32290550,32308136
"1065","51663","ZFR",22161,"uc010ium.1","chr5",32354456,32383925
"676","3122","HLA-DRA",24367,"uc003obh.3","chr6",32407619,32412826
"1421","6523","SLC5A1",73973,"uc003amc.3","chr22",32439019,32509011
"1554","7074","TIAM1",73131,"uc011adk.1","chr21",32490736,32649224
"171","121512","FGD4",46026,"uc001rlc.3","chr12",32638906,32798984
"1703","79140","CCDC28B",856,"uc021okt.1","chr1",32666202,32670398
"533","26585","GREM1",53860,"uc001zhd.2","chr15",33010205,33026870
"1706","7923","HSD17B8",24399,"uc003odi.2","chr6",33172414,33174608
"1558","7078","TIMP3",73986,"uc003anb.3","chr22",33196802,33259028
"669","30811","HUNK",72622,"uc002yph.3","chr21",33245628,33376377
"560","2709","GJB5",915,"uc001bxu.4","chr1",35220648,35224113
"555","2707","GJB3",919,"uc001bxx.3","chr1",35246790,35251967
"997","50619","DEF6",24546,"uc003okk.3","chr6",35265595,35289548
"1119","5349","FXYD3",66802,"uc010xsj.1","chr19",35606732,35612569
"1618","768","CA9",34620,"uc003zxo.4","chr9",35673915,35681154
"1587","7169","TPM2",36236,"uc003zxq.3","chr9",35681990,35690053
"1486","6714","SRC",71001,"uc002xgx.3","chr20",35973088,36033821
"1787","80830","APOL6",74009,"uc003aod.3","chr22",36044424,36057406
"1912","861","RUNX1",73215,"uc002yuh.3","chr21",36160098,36260987
"351","222659","PXT1",26641,"uc003omd.2","chr6",36358329,36410666
"1415","6507","SLC1A3",20463,"uc021xxn.1","chr5",36606457,36609399
"2159","9852","EPM2AIP1",15577,"uc003cgk.3","chr3",37027357,37034795
"902","4292","MLH1",13445,"uc003cgl.3","chr3",37034841,37092337
"1999","89874","SLC25A21",52667,"uc001wtz.2","chr14",37147126,37641865
"1639","782","CACNB1",63330,"uc002hrl.1","chr17",37329709,37350136
"493","25850","ZNF345",66930,"uc002oex.3","chr19",37341260,37370477
"226","140679","SLC32A1",71040,"uc002xjc.3","chr20",37353105,37358015
"755","3680","ITGA9",13477,"uc003chc.3","chr3",37493813,37671010
"249","147923","ZNF420",66949,"uc002ofl.3","chr19",37569382,37620651
"486","25797","QPCT",8336,"uc002rqg.3","chr2",37571753,37600465
"1315","5880","RAC2",74949,"uc003arc.3","chr22",37621310,37640305
"312","199704","ZNF585A",69276,"uc002ofm.1","chr19",37641001,37663333
"239","145282","MIPOL1",51215,"uc010amr.2","chr14",37667118,37976989
"2050","92285","ZNF585B",69279,"uc002ofq.3","chr19",37672481,37701451
"650","29775","CARD10",75005,"uc003ast.1","chr22",37875383,37915378
"251","148268","ZNF570",66967,"uc010efl.1","chr19",37958674,37976242
"1169","54749","EPDR1",28291,"uc003tfp.4","chr7",37960163,37991542
"1016","50853","VILL",13482,"uc003chj.3","chr3",38029530,38048676
"1031","51276","ZNF571",69285,"uc002ogr.1","chr19",38045684,38085673
"803","3956","LGALS1",74051,"uc003atn.3","chr22",38071613,38075809
"1327","5914","RARA",61132,"uc002huk.2","chr17",38465423,38513895
"740","3487","IGFBP4",61139,"uc002hus.3","chr17",38599676,38613982
"1488","6751","SSTR1",51226,"uc001wul.1","chr14",38677204,38682268
"1398","64073","C19orf33",66985,"uc002ohu.1","chr19",38794804,38795646
"1161","54474","KRT20",63425,"uc002hvl.3","chr17",39032141,39041495
"808","3960","LGALS4",69343,"uc002ojg.3","chr19",39292311,39303740
"134","115290","FBXO17",69371,"uc002okf.1","chr19",39432042,39443327
"140","117153","MIA2",51233,"uc010amy.2","chr14",39703125,39717407
"789","3868","KRT16",63484,"uc002hxg.4","chr17",39766031,39769079
"1850","84618","NT5C1A",5067,"uc001cdq.1","chr1",40124793,40137710
"2046","9149","DYRK1B",69397,"uc002omi.3","chr19",40315990,40324841
"1490","6776","STAT5A",61177,"uc002hzj.2","chr17",40439565,40463960
"1901","85455","DISP2",53926,"uc001zlk.1","chr15",40650434,40663256
"1173","54866","PPP1R14D",55596,"uc001zmy.3","chr15",41107643,41120907
"1482","6692","SPINT1",53959,"uc001zna.3","chr15",41136246,41149853
"1605","7345","UCHL1",17804,"uc003gvo.3","chr4",41258898,41270446
"1237","558","AXL",67121,"uc010ehi.1","chr19",41725108,41749769
"987","5019","OXCT1",22281,"uc011cpo.2","chr5",41730167,41794337
"574","2737","GLI3",30365,"uc011kbg.2","chr7",42000548,42192052
"263","162417","NAGS",61269,"uc002ies.3","chr17",42082032,42086436
"358","22906","TRAK1",13591,"uc011azh.3","chr3",42132746,42254118
"21","10110","SGK2",71079,"uc002xkq.1","chr20",42168791,42198156
"940","4605","MYBL2",71089,"uc002xlb.1","chr20",42295709,42345122
"1151","54097","FAM3B",72792,"uc011aeq.2","chr21",42676177,42718276
"937","4599","MX1",72801,"uc002yzh.3","chr21",42792520,42831141
"1566","7113","TMPRSS2",73310,"uc010gor.3","chr21",42836478,42879992
"691","3172","HNF4A",71112,"uc010zwo.1","chr20",42984441,43036115
"440","23498","HAAO",11038,"uc002rst.4","chr2",42994229,43019751
"1281","5754","PTK7",24730,"uc003oua.4","chr6",43044006,43101459
"464","24149","ZNF318",26776,"uc003ouw.3","chr6",43278871,43337181
"2101","94240","EPSTI1",50272,"uc001uyw.2","chr13",43460524,43566407
"2012","9050","PSTPIP2",65477,"uc002lbp.4","chr18",43563502,43652250
"442","23530","NNT",20522,"uc003joe.3","chr5",43602791,43705668
"1537","7033","TFF3",73336,"uc002zav.3","chr21",43731777,43735706
"1424","653583","PHLDB3",69568,"uc010eit.3","chr19",43979255,43999846
"1806","83448","PUS7L",48006,"uc001rnq.5","chr12",44122410,44152561
"1941","875","CBS",73358,"uc002zcs.1","chr21",44473301,44488514
"1624","7711","ZNF155",67221,"uc002oxy.2","chr19",44488322,44502477
"1636","7766","ZNF223",67231,"uc002oyf.1","chr19",44556164,44572142
"2131","958","CD40",71226,"uc002xrf.1","chr20",44746906,44752939
"2042","91392","ZNF502",13658,"uc003cns.3","chr3",44754135,44765323
"539","26974","ZNF285",69605,"uc010xxa.2","chr19",44889808,44901421
"458","23624","CBLC",67268,"uc002ozs.3","chr19",45281126,45303903
"1166","54716","SLC6A20",15679,"uc003cow.3","chr3",45796941,45813831
"517","26150","RIBC2",74295,"uc011aqs.3","chr22",45809572,45828302
"460","240","ALOX5",38005,"uc001jce.4","chr10",45869624,45941567
"1251","55959","SULF2",72254,"uc010zyd.2","chr20",46286150,46294037
"1885","8525","DGKZ",41578,"uc001nch.2","chr11",46354455,46402104
"690","3171","FOXA3",67340,"uc002pdr.3","chr19",46367518,46377055
"1269","56548","CHST7",75734,"uc004dgt.3","chrX",46433192,46457838
"703","3211","HOXB1",63807,"uc002ink.1","chr17",46606807,46608272
"704","3212","HOXB2",63809,"uc002inm.3","chr17",46620019,46622393
"705","3213","HOXB3",63810,"uc002inn.3","chr17",46626232,46630236
"712","3215","HOXB5",63819,"uc002inr.3","chr17",46668619,46671103
"713","3218","HOXB8",63824,"uc002inw.3","chr17",46689708,46692301
"57","10642","IGF2BP1",61485,"uc002iom.3","chr17",47074774,47133507
"1799","81831","NETO2",59496,"uc002eeq.2","chr16",47115431,47143622
"505","260293","CYP4X1",1274,"uc001cqr.3","chr1",47427036,47516423
"737","347902","AMIGO2",48046,"uc001rpk.3","chr12",47469490,47473734
"1011","50804","MYEF2",55758,"uc001zwg.4","chr15",48431629,48442183
"635","2906","GRIN2D",67425,"uc002pjc.4","chr19",48898132,48948188
"112","11230","PRAF2",77334,"uc004dmi.3","chrX",48928818,48931662
"468","2524","FUT2",67447,"uc002pke.4","chr19",49199228,49209191
"1034","51303","FKBP11",48111,"uc010sma.2","chr12",49315742,49318664
"580","275","AMT",15879,"uc011bcn.2","chr3",49454211,49459884
"2122","951","CD37",67500,"uc002pnc.3","chr19",49838428,49843861
"1796","81617","CAB39L",50355,"uc001vcw.3","chr13",49882786,49975735
"927","4486","MST1R",15919,"uc031rzv.1","chr3",49924436,49933313
"345","2217","FCGRT",67532,"uc002poe.2","chr19",50015536,50029685
"783","3816","KLK1",69994,"uc002ptk.1","chr19",51322404,51327043
"124","114088","TRIM9",52761,"uc001wyx.4","chr14",51441981,51562422
"2113","9500","MAGED1",75936,"uc004dpm.3","chrX",51546155,51645450
"1311","5865","RAB3B",5334,"uc001cth.3","chr1",52373628,52456436
"1423","65251","ZNF649",70114,"uc002pxy.3","chr19",52392488,52408305
"1339","59348","ZNF350",70116,"uc002pyd.3","chr19",52467593,52490079
"604","284370","ZNF615",70118,"uc002pye.2","chr19",52494587,52511483
"1750","80110","ZNF614",70124,"uc002pyi.4","chr19",52516018,52531680
"1278","5732","PTGER2",51321,"uc001wzr.3","chr14",52781016,52795322
"639","2941","GSTA4",26884,"uc003pbd.3","chr6",52842746,52859105
"1498","6925","TCF4",65620,"uc021ukg.1","chr18",52889562,52969852
"625","2882","GPX7",1326,"uc001cue.3","chr1",53068043,53074723
"1363","60481","ELOVL5",26892,"uc003pbq.1","chr6",53132196,53213587
"785","3856","KRT8",48252,"uc001sbd.2","chr12",53290971,53298868
"1209","55422","ZNF331",67741,"uc002qbx.1","chr19",54024177,54083523
"1705","79191","IRX3",59562,"uc002eht.1","chr16",54317212,54320378
"715","3227","HOXC11",46360,"uc001sem.3","chr12",54366910,54370203
"714","3226","HOXC10",46361,"uc001sen.3","chr12",54378946,54384062
"42","10265","IRX5",57952,"uc010cca.1","chr16",54965111,54966815
"250","148170","CDC42EP5",70293,"uc002qfz.1","chr19",54976210,54984422
"1535","7022","TFAP2C",71311,"uc002xya.3","chr20",55204358,55214338
"1181","55001","TTC22",5409,"uc009vzt.1","chr1",55246752,55266941
"804","3958","LGALS3",51347,"uc001xbr.3","chr14",55595935,55612148
"1427","655","BMP7",72358,"uc010gip.1","chr20",55743809,55841707
"1347","5959","RDH5",46420,"uc010spt.1","chr12",56114151,56116442
"1021","5105","PCK1",71323,"uc002xyn.4","chr20",56136137,56141513
"1467","667","DST",26927,"uc003pcv.4","chr6",56322785,56329114
"75","10874","NMU",19303,"uc003hbc.3","chr4",56461398,56502465
"1192","55205","ZNF532",65008,"uc002lho.3","chr18",56530061,56653709
"597","283375","SLC39A5",46487,"uc010sqi.2","chr12",56623820,56629596
"935","4493","MT1E",57986,"uc002ejl.3","chr16",56659585,56661024
"1204","55329","MNS1",55983,"uc010bfo.2","chr15",56720929,56756445
"1064","51561","IL23A",46493,"uc001sla.3","chr12",56732663,56734194
"567","27165","GLS2",48422,"uc021qzb.1","chr12",56864736,56874268
"1902","85456","TNKS1BP1",44157,"uc001njq.3","chr11",57067103,57070359
"1305","58491","ZNF71",68020,"uc002qnm.4","chr19",57106664,57135544
"1385","6376","CX3CL1",58041,"uc002eli.3","chr16",57406414,57418956
"948","4640","MYO1A",48464,"uc010sqz.2","chr12",57422301,57441614
"2099","9422","ZNF264",68030,"uc002qob.3","chr19",57702868,57734214
"136","115827","RAB3C",20585,"uc003jrp.3","chr5",57878939,58147406
"271","162972","ZNF550",70412,"uc002qpc.4","chr19",58053204,58071231
"1619","7693","ZNF134",68071,"uc002qpn.2","chr19",58125830,58133636
"2005","90233","ZNF551",68084,"uc002qpv.5","chr19",58193337,58201169
"2091","9404","LPXN",44198,"uc001nmw.3","chr11",58294344,58343390
"34","10172","ZNF256",70436,"uc002qqu.3","chr19",58452201,58459077
"831","4070","TACSTD2",5439,"uc001cyz.4","chr1",59041095,59043166
"536","2694","GIF",44224,"uc001noi.3","chr11",59596746,59612974
"2167","9902","MRC2",61749,"uc002jad.4","chr17",60704762,60770962
"193","1299","COL9A3",71435,"uc002ydm.3","chr20",61448414,61472511
"276","1636","ACE",61762,"uc010wph.2","chr17",61554422,61555878
"810","3992","FADS1",44269,"uc001nsh.3","chr11",61567097,61581006
"2095","9415","FADS2",41894,"uc001nsj.2","chr11",61583728,61634825
"1176","54923","LIME1",71479,"uc011abi.2","chr20",62367053,62370460
"1924","8618","CADPS",16158,"uc003dlj.1","chr3",62384021,62467544
"2160","9886","RHOBTB1",39901,"uc009xpd.3","chr10",62629198,62637816
"118","1128","CHRM1",44343,"uc001nwi.3","chr11",62676151,62689012
"951","4661","MYT1",71518,"uc002yih.3","chr20",62783144,62859455
"394","23229","ARHGEF9",77480,"uc004dvk.1","chrX",62854848,62974991
"142","117245","HRASLS5",44362,"uc001nwy.2","chr11",63228876,63258680
"1335","5920","RARRES3",41957,"uc001nxf.4","chr11",63304273,63313930
"1312","5871","MAP4K2",44416,"uc001obh.3","chr11",64556609,64570713
"2112","9495","AKAP5",51481,"uc001xhd.4","chr14",64932217,64941221
"14","1009","CDH11",59639,"uc010cdn.3","chr16",64980683,65038944
"819","4054","LTBP3",44461,"uc001oef.3","chr11",65306030,65312102
"2153","9843","HEPH",76032,"uc011moz.2","chrX",65382433,65487230
"621","2877","GPX2",52911,"uc001xhy.2","chr14",65405870,65409623
"985","5017","OVOL1",42132,"uc001ofp.3","chr11",65554505,65564690
"1848","8460","TPST1",28556,"uc010kzy.2","chr7",65670259,65824460
"248","1474","CST6",42151,"uc001ogr.3","chr11",65779462,65780976
"473","254263","CNIH2",42167,"uc001ohi.2","chr11",66045672,66051685
"1936","8722","CTSF",44535,"uc001oip.3","chr11",66330935,66336047
"179","123920","CMTM3",58148,"uc002epu.3","chr16",66637935,66647795
"1741","79767","ELMO3",58187,"uc002esa.3","chr16",67233028,67237927
"649","2950","GSTP1",42253,"uc001omf.3","chr11",67351066,67354124
"1023","51083","GAL",42291,"uc001oob.3","chr11",68451983,68458643
"2175","999","CDH1",58297,"uc002ewg.1","chr16",68771195,68869444
"513","26053","AUTS2",28574,"uc003tvv.4","chr7",69063905,69755607
"247","146456","TMED6",59772,"uc002exc.2","chr16",69377149,69385712
"991","5030","P2RY4",77531,"uc004dxz.1","chrX",69478016,69479654
"2174","9965","FGF19",44627,"uc001opf.3","chr11",69513006,69519106
"830","4069","LYZ",46690,"uc001suw.2","chr12",69742134,69748013
"665","307","ANXA4",8591,"uc010yqn.1","chr2",69969127,70045826
"1290","5787","PTPRB",48607,"uc001swb.4","chr12",70910632,71003624
"1757","80201","HKDC1",38218,"uc001jpf.4","chr10",70980059,71027315
"538","26952","SMR3A",18004,"uc003hfg.1","chr4",71226493,71232823
"1818","8395","PIP5K1B",34777,"uc004agu.4","chr9",71320330,71624092
"835","4131","MAP1B",20782,"uc010iyw.1","chr5",71403118,71496194
"215","135152","B3GAT2",26980,"uc003pfv.3","chr6",71571069,71666788
"1224","55506","H2AFY2",38243,"uc001jqm.3","chr10",71812357,71872040
"1246","55890","GPRC5C",61910,"uc002jkp.3","chr17",72427667,72443568
"2025","9121","SLC16A5",61949,"uc002jmr.4","chr17",73083822,73102255
"220","1365","CLDN3",30677,"uc003tzg.4","chr7",73183327,73184600
"1609","7462","LAT2",28649,"uc003uag.3","chr7",73624087,73644164
"1431","6567","SLC16A2",76148,"uc031tjy.1","chrX",73641328,73753764
"1607","7351","UCP2",44705,"uc001oup.1","chr11",73685716,73693889
"327","2125","EVPL",64326,"uc002jqi.2","chr17",74002927,74023507
"1","10008","KCNE3",44716,"uc001ovc.3","chr11",74165886,74178600
"2066","9240","PNMA1",53037,"uc001xor.1","chr14",74178486,74181128
"217","135228","CD109",24997,"uc003php.3","chr6",74405508,74538041
"1243","55808","ST6GALNAC1",64361,"uc002jsh.3","chr17",74620845,74639894
"1384","6372","CXCL6",18049,"uc003hhf.3","chr4",74702273,74704477
"1079","5196","PF4",19417,"uc003hhi.3","chr4",74846542,74847841
"323","2069","EREG",18068,"uc003hid.3","chr4",75230860,75247703
"1175","54913","RPP25",56346,"uc002azj.1","chr15",75247443,75249775
"1754","80168","MOGAT2",42469,"uc001oww.1","chr11",75428934,75440372
"333","216","ALDH1A1",36468,"uc011lsg.2","chr9",75515578,75540528
"1113","5328","PLAU",38331,"uc001jwa.3","chr10",75670862,75677258
"195","1303","COL12A1",27009,"uc021zbv.1","chr6",75794042,75912543
"50","10538","BATF",51710,"uc001xrr.3","chr14",75988784,76013334
"330","2150","F2RL1",20859,"uc003keo.3","chr5",76114833,76131140
"479","256435","ST6GALNAC3",1617,"uc001dhg.4","chr1",76540389,77042892
"1409","64843","ISL2",54691,"uc002bbw.1","chr15",76629147,76634816
"80","10875","FGL2",30760,"uc003ugb.3","chr7",76822688,76829150
"806","3959","LGALS3BP",64417,"uc002jwh.3","chr17",76967335,76976061
"127","114897","C1QTNF1",62124,"uc031rep.1","chr17",77019016,77045870
"1694","79092","CARD14",62147,"uc002jxt.2","chr17",78143791,78183130
"600","284129","SLC26A11",62156,"uc002jyb.2","chr17",78194200,78227308
"1172","54810","GIPC2",1640,"uc001dik.3","chr1",78511589,78603112
"1219","55466","DNAJA4",54722,"uc002bdi.3","chr15",78556487,78574538
"2084","9369","NRXN3",51771,"uc001xum.2","chr14",78636716,80334633
"2075","9324","HMGN3",27029,"uc003pis.3","chr6",79910962,79944455
"1316","5881","RAC3",62237,"uc002kdf.3","chr17",79989532,79992080
"2035","9123","SLC16A3",62244,"uc002kea.3","chr17",80186282,80197375
"1336","5924","RASGRF2",20908,"uc003kha.2","chr5",80256508,80525981
"1394","6398","SECTM1",64556,"uc002keo.3","chr17",80278900,80291921
"1815","83657","DYNLRB2",58457,"uc002ffo.3","chr16",80574854,80584541
"1948","8825","LIN7A",48678,"uc001szj.1","chr12",81191171,81331694
"1038","51316","PLAC8",19537,"uc003hoe.3","chr4",84011211,84031012
"1198","55283","MCOLN3",5605,"uc001dko.3","chr1",85483765,85489203
"1802","822","CAPG",11478,"uc002spl.2","chr2",85621871,85637820
"67","10791","VAMP5",8774,"uc002spu.1","chr2",85811531,85820511
"731","3394","IRF8",58535,"uc002fjh.3","chr16",85932774,85956211
"790","387695","C10orf99",38505,"uc001kcu.3","chr10",85933554,85945050
"1825","84267","C9orf64",36562,"uc004anb.3","chr9",86553227,86571663
"1132","53616","ADAM22",28810,"uc003uji.2","chr7",87563566,87757991
"1735","79689","STEAP4",30828,"uc003ujs.3","chr7",87905744,87936228
"842","4208","MEF2C",22626,"uc003kji.2","chr5",88014058,88119744
"487","2581","GALC",53146,"uc010tvw.1","chr14",88304164,88446992
"336","2168","FABP1",11551,"uc002sst.2","chr2",88422508,88427650
"752","3669","ISG20",54940,"uc002bmu.1","chr15",89178904,89198879
"565","27132","CPNE7",58614,"uc002fnp.3","chr16",89642176,89663654
"734","3418","IDH2",56653,"uc010uqb.2","chr15",90627212,90643927
"1445","6622","SNCA",19625,"uc010ikt.4","chr4",90645250,90757364
"992","5045","FURIN",54992,"uc002bpu.1","chr15",91411885,91426687
"587","28232","SLCO3A1",55022,"uc002bqx.2","chr15",92396938,92709137
"233","143279","HECTD2",38626,"uc001khk.2","chr10",93170096,93222967
"1262","5627","PROS1",16279,"uc010hoo.3","chr3",93591881,93646258
"27","10154","PLXNC1",46822,"uc001tdc.3","chr12",94542499,94701451
"1157","5446","PON3",30897,"uc003unt.3","chr7",94989184,95025687
"1069","51666","ASB4",28901,"uc003unx.3","chr7",95115213,95158113
"1738","79694","MANEA",25101,"uc003pon.3","chr6",96025373,96035254
"355","22873","DZIP1",50550,"uc001vmj.3","chr13",96230456,96251974
"1276","56967","C14orf132",51942,"uc001yff.4","chr14",96505661,96560226
"1373","624","BDKRB2",51943,"uc010avl.2","chr14",96671135,96710503
"343","2203","FBP1",36699,"uc004auw.4","chr9",97365421,97401923
"1386","6383","SDC2",32635,"uc003yhv.1","chr8",97505882,97624037
"1207","55353","LAPTM4B",32641,"uc003yia.3","chr8",98787809,98864830
"87","11046","SLC35D2",36729,"uc010msd.3","chr9",99075726,99145992
"1674","79027","ZNF655",28954,"uc003urc.3","chr7",99156045,99162328
"1749","80019","UBTD1",38733,"uc001knv.1","chr10",99258768,99330960
"1429","6564","SLC15A1",50574,"uc001vno.3","chr13",99336055,99404929
"1405","6425","SFRP5",40407,"uc001kor.4","chr10",99526508,99531756
"1265","563","AZGP1",30974,"uc003ush.3","chr7",99564350,99573735
"1411","64919","BCL11B",53406,"uc001yga.3","chr14",99635625,99737822
"545","27035","NOX1",77695,"uc004egj.3","chrX",100098313,100129334
"1591","7205","TRIP6",29062,"uc003uww.3","chr7",100464950,100471076
"178","123099","DEGS2",53416,"uc001ygx.2","chr14",100612753,100626012
"466","246213","SLC17A8",46904,"uc009ztx.3","chr12",100750857,100815837
"994","5054","SERPINE1",29081,"uc003uxt.4","chr7",100770370,100782547
"341","220","ALDH1A3",55140,"uc002bwn.4","chr15",101420009,101456830
"187","1244","ABCC2",38777,"uc001kqf.2","chr10",101542463,101611662
"1613","7479","WNT8B",38783,"uc001krb.3","chr10",102222812,102243399
"2020","90843","TCEAL8",77769,"uc004ejx.3","chrX",102507923,102510121
"1668","7850","IL1R2",8977,"uc002tbo.2","chr2",102608306,102641218
"1746","79921","TCEAL4",76322,"uc004ekl.3","chrX",102840419,102842655
"1876","85012","TCEAL3",76326,"uc004ekq.3","chrX",102862834,102864855
"2079","9338","TCEAL1",76329,"uc004eks.3","chrX",102883648,102885876
"1812","83594","NUDT12",22712,"uc003koi.3","chr5",102884556,102898490
"133","1152","CKB",53463,"uc001ynf.2","chr14",103985995,103989196
"765","3714","JAG2",53506,"uc001yqf.4","chr14",105607318,105617740
"208","1308","COL17A1",40578,"uc001kxr.3","chr10",105791046,105845638
"1724","79589","RNF128",76362,"uc004emk.3","chrX",105937068,106040246
"225","1396","CRIP1",52271,"uc001yri.4","chr14",105953257,105955124
"321","202","AIM1",25138,"uc003prh.3","chr6",106959305,107018334
"970","4897","NRCAM",31220,"uc003vez.3","chr7",107788071,107797082
"1395","6404","SELPLG",48926,"uc010sxe.2","chr12",109015680,109025854
"1351","5962","RDX",45037,"uc009yxx.1","chr11",110045605,110167437
"644","2948","GSTM4",1962,"uc009wfi.2","chr1",110198698,110199958
"641","2947","GSTM3",5849,"uc001dyo.2","chr1",110276554,110283660
"1712","79574","EPS8L3",5852,"uc001dyq.2","chr1",110292702,110306644
"1672","7851","MALL",11753,"uc002tfk.3","chr2",110841447,110874143
"2029","9122","SLC16A4",5861,"uc001dzo.2","chr1",110905473,110933704
"543","27012","KCNV1",33932,"uc003ynr.4","chr8",110979233,110987421
"163","120","ADD3",38914,"uc001kyt.4","chr10",111756108,111895323
"748","3606","IL18",45085,"uc001pna.2","chr11",112013974,112021796
"793","3910","LAMA4",27302,"uc003pvt.3","chr6",112429134,112575917
"95","11217","AKAP2",35175,"uc004bem.3","chr9",112810878,112934791
"978","4938","OAS1",47147,"uc010syn.2","chr12",113344739,113354760
"742","3552","IL1A",11801,"uc002tig.3","chr2",113531492,113542971
"779","3781","KCNN2",21094,"uc003kqo.3","chr5",113698016,113832197
"743","3557","IL1RN",9133,"uc002tix.1","chr2",113856937,113891590
"1071","51703","ACSL5",38940,"uc001kzs.3","chr10",114133916,114188138
"19","10100","TSPAN2",5983,"uc001eft.3","chr1",115590633,115632121
"1615","7539","ZFP37",36943,"uc004bgm.1","chr9",115804174,115818996
"1896","85301","COL27A1",35241,"uc011lxl.2","chr9",116918231,117072975
"68","1080","CFTR",29301,"uc003vjd.3","chr7",117120017,117308718
"1821","83992","CTTNBP2",31284,"uc003vjf.3","chr7",117350706,117513561
"1859","84866","TMEM25",42904,"uc010ryd.1","chr11",118401803,118404337
"227","141","ADPRH",14357,"uc003ecs.3","chr3",119298523,119308792
"686","3158","HMGCS2",6031,"uc001eid.3","chr1",120290619,120311555
"1822","83998","REG4",6035,"uc001eif.3","chr1",120336641,120354203
"1083","5319","PLA2G1B",49127,"uc001tyd.3","chr12",120759914,120765592
"751","3625","INHBB",9232,"uc002tmn.2","chr2",121103719,121109383
"1463","6653","SORL1",43005,"uc001pxx.3","chr11",121322912,121504471
"1461","6641","SNTB1",33968,"uc010mdg.3","chr8",121547985,121824309
"90","11107","PRDM5",19837,"uc003idn.3","chr4",121615929,121844013
"616","286676","ILDR1",16517,"uc003eeq.3","chr3",121706170,121726148
"658","29842","TFCP2L1",11842,"uc010flq.3","chr2",121974164,121991770
"1852","84660","CCDC62",47282,"uc001udc.3","chr12",123259056,123311927
"1270","56667","MUC13",16577,"uc003ehq.2","chr3",124624289,124653595
"674","312","ANXA13",34002,"uc003yqt.3","chr8",124693034,124749647
"1183","55039","TRMT12",32790,"uc003yra.4","chr8",125463048,125465266
"224","137209","ZNF572",32798,"uc003yrr.3","chr8",125985539,125991630
"1760","80325","ABTB1",14469,"uc003ejr.3","chr3",127391781,127399769
"119","11343","MGLL",16633,"uc003ejv.4","chr3",127407905,127455200
"381","2318","FLNC",29402,"uc003vnz.4","chr7",128470483,128499328
"1435","6594","SMARCA1",77970,"uc004eun.4","chrX",128580478,128657460
"1900","8538","BARX2",43135,"uc001qfc.4","chr11",129245881,129322174
"169","120224","TMEM45B",43137,"uc001qfe.1","chr11",129685741,129729898
"1298","5791","PTPRE",39164,"uc001lkb.3","chr10",129705325,129884164
"813","399979","SNX19",45418,"uc010sce.2","chr11",130745766,130786344
"2067","9271","PIWIL1",47379,"uc001uij.2","chr12",130822433,130855925
"530","26469","PTPN18",9290,"uc002trb.3","chr2",131113580,131132982
"470","253738","EBF3",40824,"uc001lki.2","chr10",131633496,131762091
"2128","9536","PTGES",37263,"uc004byi.3","chr9",132500615,132515344
"367","23048","FNBP1",37271,"uc011mbu.1","chr9",132649466,132681589
"1062","51560","RAB6B",16724,"uc003epy.3","chr3",133543080,133614691
"591","282974","STK32C",40836,"uc001llc.1","chr10",134020996,134062612
"379","231","AKR1B1",31418,"uc003vrp.1","chr7",134127107,134143888
"557","27087","B3GAT1",45447,"uc001qhq.3","chr11",134248398,134281812
"146","118471","PRAP1",39211,"uc021qbf.1","chr10",135122894,135166187
"1538","7045","TGFBI",21280,"uc003lbf.4","chr5",135364584,135399507
"1496","680","BRS3",76623,"uc004ezv.1","chrX",135570125,135574598
"53","1056","CEL",35632,"uc010naa.2","chr9",135937365,135947250
"1317","5900","RALGDS",37331,"uc004ccn.3","chr9",135973107,135977304
"521","26249","KLHL3",22959,"uc011cyc.2","chr5",136953189,137008616
"1140","53832","IL20RA",27530,"uc003qhi.3","chr6",137321108,137330001
"1481","668","FOXL2",16776,"uc003esw.3","chr3",138663066,138665982
"699","3176","HNMT",9414,"uc002tvd.3","chr2",138721808,138725014
"1346","5948","RBP2",16786,"uc003eth.3","chr3",139171726,139195352
"2071","929","CD14",23054,"uc003lgi.2","chr5",140011313,140013035
"380","23158","TBC1D9",19927,"uc010ioj.3","chr4",141541936,141677471
"1277","57152","SLURP1",34169,"uc003ywy.3","chr8",143822362,143823829
"1089","5325","PLAGL1",27576,"uc003qjv.3","chr6",144261437,144282547
"1233","55630","SLC39A4",34286,"uc003zcn.4","chr8",145637798,145638970
"1076","5174","PDZK1",2248,"uc001eon.2","chr1",145727666,145764206
"1127","5352","PLOD2",16825,"uc003evq.1","chr3",145787228,145804522
"289","1809","DPYSL3",23166,"uc003lon.1","chr5",146770371,146833260
"81","10981","RAB32",25482,"uc003qln.1","chr6",146864828,146876086
"717","3360","HTR4",23177,"uc010jgu.1","chr5",147830595,148016624
"1726","79628","SH3TC2",23186,"uc003lpp.1","chr5",147929700,148442737
"137","116441","TM4SF18",16865,"uc021xfl.1","chr3",149036285,149051259
"499","25937","WWTR1",16869,"uc003exe.3","chr3",149235022,149375109
"48","1044","CDX1",21596,"uc003lrq.3","chr5",149546344,149564121
"1789","815","CAMK2A",23222,"uc003lrt.2","chr5",149599054,149669403
"1020","51027","BOLA1",2339,"uc001etf.3","chr1",149871155,149872348
"1159","54460","MRPS21",2359,"uc001euk.3","chr1",150266269,150280819
"624","2878","GPX3",21618,"uc021yga.1","chr5",150399999,150408554
"1206","55340","GIMAP5",29807,"uc003whr.2","chr7",150434436,150440737
"671","309","ANXA6",23262,"uc011dcp.2","chr5",150480267,150521216
"769","3757","KCNH2",31657,"uc003wib.3","chr7",150642044,150652917
"258","1520","CTSS",6312,"uc001evn.3","chr1",150702672,150738433
"1145","53836","GPR87",16900,"uc003eyt.2","chr3",151011876,151034636
"476","2564","GABRE",78192,"uc004ffi.3","chrX",151121596,151143151
"1360","6009","RHEB",31699,"uc003wkh.1","chr7",151163098,151217010
"1046","51422","PRKAG2",31700,"uc003wki.3","chr7",151253201,151329344
"2001","8991","SELENBP1",6361,"uc001exx.4","chr1",151336778,151345210
"1388","63917","GALNT11",29856,"uc010lqg.1","chr7",151722778,151819427
"1369","6097","RORC",6395,"uc001ezg.3","chr1",151778547,151798553
"833","4105","MAGEA6",76750,"uc004ffq.1","chrX",151867245,151870814
"832","4102","MAGEA3",78226,"uc004fgp.3","chrX",151934652,151938240
"1662","785","CACNB4",12089,"uc002txy.3","chr2",152689286,152830485
"626","2890","GRIA1",21637,"uc010jia.1","chr5",152869175,153085732
"799","393","ARHGAP4",78276,"uc011mzf.2","chrX",153172830,153187626
"1377","6275","S100A4",6445,"uc001fby.3","chr1",153516095,153518282
"922","4354","MPP1",78333,"uc004fmp.2","chrX",154006959,154033802
"402","23321","TRIM2",18600,"uc003ing.2","chr4",154074270,154260474
"1560","7097","TLR2",18612,"uc003inn.1","chr4",154605441,154609140
"727","3361","HTR5A",29877,"uc003wlu.2","chr7",154862034,154879102
"774","3760","KCNJ3",9479,"uc031rpq.1","chr2",155555093,155556103
"1400","64218","SEMA4A",2692,"uc001fnl.3","chr1",156119735,156147542
"1937","8728","ADAM19",23321,"uc003lww.3","chr5",156822542,157002831
"100","11227","GALNT5",9490,"uc002tzg.3","chr2",158114340,158167913
"1271","56925","LXN",16954,"uc003fch.3","chr3",158384203,158390482
"1333","5918","RARRES1",16956,"uc003fci.3","chr3",158414897,158450275
"716","325","APCS",2803,"uc001ftv.3","chr1",159557616,159558661
"1178","54935","DUSP23",2804,"uc001ftz.1","chr1",159750759,159752333
"620","286827","TRIM59",16967,"uc003fdm.3","chr3",160153291,160167626
"1753","80117","ARL14",14856,"uc003fdq.3","chr3",160394948,160396235
"2171","9936","CD302",12153,"uc002uba.3","chr2",160625139,160654766
"827","4065","LY75",12158,"uc002ubc.4","chr2",160659868,160761267
"1433","6581","SLC22A3",25676,"uc003qti.4","chr6",160769405,160873611
"364","22925","PLA2R1",12161,"uc002ube.2","chr2",160797260,160919126
"757","3694","ITGB6",12165,"uc002ubh.2","chr2",160958233,161056589
"1793","81607","PVRL4",6921,"uc010pjy.1","chr1",161040781,161044416
"1340","5937","RBMS1",12170,"uc002ubi.4","chr2",161128662,161350318
"3","10010","TANK",9524,"uc002ubq.1","chr2",161993466,162061490
"576","27430","MAT2B",21735,"uc003lzj.4","chr5",162930070,162946359
"2103","9444","QKI",25690,"uc003que.3","chr6",163835675,163999628
"36","10223","GPA33",7046,"uc001gea.1","chr1",167022082,167059868
"331","2153","F5",7087,"uc001ggg.1","chr1",169481192,169555769
"541","26996","GPR160",14891,"uc003fgi.3","chr3",169755735,169803183
"610","28514","DLL1",27848,"uc003qxm.3","chr6",170591294,170599697
"1025","51166","AADAT",20138,"uc003isr.3","chr4",170981373,171011183
"508","26052","DNM3",3086,"uc001gid.5","chr1",171810618,172102532
"108","1123","CHN1",12293,"uc002ujg.3","chr2",175664042,175712346
"613","285598","ARL10",21858,"uc003meb.3","chr5",175792502,175796963
"266","1627","DBN1",23480,"uc011dga.1","chr5",176883614,176889390
"1466","6657","SOX2",14978,"uc003fkx.3","chr3",181429712,181432223
"375","23057","NMNAT2",7252,"uc009wye.2","chr1",183217372,183248417
"319","200879","LIPH",17181,"uc003fpm.3","chr3",185225570,185270369
"1279","5743","PTGS2",7295,"uc001gsb.3","chr1",186640944,186649559
"1406","6480","ST6GAL1",15116,"uc003frb.3","chr3",186648315,186796341
"139","116832","RPL39L",17212,"uc003fre.1","chr3",186838741,186857263
"2019","9076","CLDN1",17229,"uc003fsh.3","chr3",190023490,190040235
"1836","8436","SDPR",12471,"uc002utb.3","chr2",192699032,192712006
"1935","8707","B3GALT2",7313,"uc001gtc.4","chr1",193147860,193155743
"1080","5317","PKP1",3360,"uc001gwd.3","chr1",201252580,201302121
"791","3898","LAD1",7379,"uc001gwm.3","chr1",201349966,201368669
"1827","843","CASP10",9943,"uc002uxi.1","chr2",202047621,202065452
"401","2331","FMOD",7444,"uc001gzr.3","chr1",203309752,203320289
"1596","725","C4BPB",3548,"uc001hfi.3","chr1",207262212,207273337
"1906","8609","KLF7",12616,"uc010zix.2","chr2",207938862,207998861
"993","50486","G0S2",3591,"uc001hhi.4","chr1",209848670,209849735
"1718","79582","SPAG16",10121,"uc002veo.4","chr2",214149103,214182709
"405","2335","FN1",12689,"uc002vez.3","chr2",216225179,216257006
"1765","80326","WNT10A",10214,"uc002vjd.1","chr2",219745255,219758651
"1998","8941","CDK5R2",10215,"uc002vjf.4","chr2",219824350,219826877
"231","1412","CRYBA2",12755,"uc002vjj.1","chr2",219854912,219858127
"741","3549","IHH",12764,"uc002vjo.2","chr2",219919142,219925238
"1740","79762","C1orf115",3713,"uc001hmp.1","chr1",220863628,220872499
"204","130367","SGPP2",10278,"uc010zlo.2","chr2",223289322,223423617
"200","130340","AP1S3",12827,"uc002vnn.3","chr2",224620047,224702319
"1419","65094","JMJD4",7746,"uc001hrb.3","chr1",227918890,227923112
"296","183","AGT",7783,"uc001hty.4","chr1",230838272,230850336
"255","151473","SLC16A14",12878,"uc002vqd.2","chr2",230899690,230933715
"482","25791","NGEF",12916,"uc010zmm.1","chr2",233743396,233766150
"1685","79083","MLPH",10487,"uc002vws.3","chr2",238395053,238463961
"1184","5510","PPP1R7",10560,"uc010fzm.1","chr2",242089024,242109282
"1489","6759","SSX4",NA,NA,NA,NA,NA
